{
	"format_version": "1.8.0",
	"animations": {
		"animation.goblin.walk": {
			"animation_length": 2,
			"bones": {
				"bone": {
					"rotation": {
						"vector": [53.2035, -5.9309, 52.48362]
					},
					"position": {
						"0.0": {
							"vector": [0, -1, 0]
						},
						"0.25": {
							"vector": [0, 0, 0]
						},
						"0.5": {
							"vector": [0, -1, 0]
						},
						"0.75": {
							"vector": [0, 0, 0]
						},
						"1.0": {
							"vector": [0, -1, 0]
						},
						"1.25": {
							"vector": [0, 0, 0]
						},
						"1.5": {
							"vector": [0, -1, 0]
						},
						"1.75": {
							"vector": [0, 0, 0]
						},
						"2.0": {
							"vector": [0, -1, 0]
						}
					}
				},
				"rhand": {
					"rotation": {
						"0.0": {
							"vector": [-0.16421, -1.99995, -37.45098]
						},
						"0.5": {
							"vector": [0.79338, 1.09425, 24.99888]
						},
						"1.0": {
							"vector": [0.07128, -2.63745, -49.934]
						},
						"1.5": {
							"vector": [0.59752, 0.90481, 19.99615]
						},
						"2.0": {
							"vector": [-0.16421, -1.99995, -37.45098]
						}
					}
				},
				"head": {
					"rotation": {
						"0.0": {
							"vector": [4.81749, -2.01743, -15.28021]
						},
						"0.5": {
							"vector": [-2.61081, 1.92097, -16.69011]
						},
						"1.0": {
							"vector": [4.86885, 1.33978, -16.36427]
						},
						"1.5": {
							"vector": [-7.53899, 2.70665, -17.59751]
						},
						"2.0": {
							"vector": [4.81749, -2.01743, -15.28021]
						}
					}
				},
				"rleg": {
					"rotation": {
						"0.0": {
							"vector": [-0.56892, 1.986, 9.88754]
						},
						"0.5": {
							"vector": [-2.87354, 7.68462, -41.81314]
						},
						"1.0": {
							"vector": [-7.16265, 4.30704, 19.12884]
						},
						"1.5": {
							"vector": [2.26182, 11.54775, -36.74981]
						},
						"2.0": {
							"vector": [-0.56892, 1.986, 9.88754]
						}
					}
				},
				"bone2": {
					"rotation": {
						"0.0": {
							"vector": [0, 0, 0]
						},
						"1.0": {
							"vector": [-0.56442, -0.23627, -2.40293]
						}
					}
				},
				"r_ear": {
					"rotation": {
						"0.0": {
							"vector": [0, -10, 0]
						},
						"0.5": {
							"vector": [-0.43598, 4.97435, 0.78319]
						},
						"1.0": {
							"vector": [-0.34283, -9.97793, 1.97444]
						},
						"1.5": {
							"vector": [-0.3443, 4.88424, 4.00899]
						},
						"2.0": {
							"vector": [0, -10, 0]
						}
					}
				},
				"lhand": {
					"rotation": {
						"0.0": {
							"vector": [-2.41187, -3.88948, 24.80645]
						},
						"0.5": {
							"vector": [-0.95414, 7.15474, -46.95748]
						},
						"1.0": {
							"vector": [-2.70188, -4.18134, 27.30289]
						},
						"1.5": {
							"vector": [-1.61081, 8.19709, -54.42133]
						},
						"2.0": {
							"vector": [-2.41187, -3.88948, 24.80645]
						}
					}
				},
				"l_ear": {
					"rotation": {
						"0.0": {
							"vector": [0.03788, -4.98489, 0.38502]
						},
						"0.5": {
							"vector": [0.04, 2.52, 0.39]
						},
						"1.0": {
							"vector": [0.17698, -4.95513, 0.98219]
						},
						"1.5": {
							"vector": [-0.01832, 2.47368, 1.9994]
						},
						"2.0": {
							"vector": [0.03788, -4.98489, 0.38502]
						}
					}
				},
				"lleg": {
					"rotation": {
						"0.0": {
							"vector": [-1.19206, -0.39548, -35.29782]
						},
						"0.5": {
							"vector": [1.65097, -5.41337, 12.28767]
						},
						"1.0": {
							"vector": [-8.90762, -19.38171, -33.06452]
						},
						"1.5": {
							"vector": [0, 0, 0]
						},
						"2.0": {
							"vector": [-1.19206, -0.39548, -35.29782]
						}
					}
				}
			}
		},
		"animation.goblin.stop": {
			"animation_length": 2,
			"bones": {
				"r_ear": {
					"rotation": {
						"0.0": {
							"vector": [4.65495, -0.57137, 1.71096]
						},
						"0.9583": {
							"vector": [2.18262, -0.44946, 1.38194]
						},
						"2.0": {
							"vector": [4.65495, -0.57137, 1.71096]
						}
					}
				},
				"l_ear": {
					"rotation": {
						"0.0": {
							"vector": [-4.9498, 0.07982, -0.70587]
						},
						"0.9583": {
							"vector": [-2.47478, 0.04753, -0.35207]
						},
						"2.0": {
							"vector": [-4.9498, 0.07982, -0.70587]
						}
					}
				},
				"rhand": {
					"rotation": {
						"0.0": {
							"vector": [-2.49274, -0.16804, -0.20347]
						},
						"0.9583": {
							"vector": [0, 0, 0]
						},
						"2.0": {
							"vector": [-2.49274, -0.16804, -0.20347]
						}
					}
				},
				"lhand": {
					"rotation": {
						"0.0": {
							"vector": [0, 0, 0]
						},
						"0.9583": {
							"vector": [2.49309, 0.16276, 0.03929]
						},
						"2.0": {
							"vector": [0, 0, 0]
						}
					}
				}
			}
		},
		"animation.goblin.attack": {
			"animation_length": 1,
			"bones": {
				"head": {
					"rotation": {
						"0.0": {
							"vector": [0, 0, 0]
						},
						"0.25": {
							"vector": [-4.0978, 2.56795, 32.05608]
						},
						"1.0": {
							"vector": [0, 0, 0]
						}
					}
				},
				"rhand": {
					"rotation": {
						"0.0": {
							"vector": [0, 0, 0]
						},
						"0.25": {
							"vector": [0, 0, -67.5]
						},
						"1.0": {
							"vector": [0, 0, 0]
						}
					}
				},
				"lhand": {
					"rotation": {
						"0.0": {
							"vector": [0, 0, 0]
						},
						"0.25": {
							"vector": [0, 0, -72.5]
						},
						"1.0": {
							"vector": [0, 0, 0]
						}
					}
				}
			}
		}
	},
	"geckolib_format_version": 2
}